{"IcoMoonType":"selection","icons":[{"icon":{"paths":["M64 192h896v192h-896zM64 448h896v192h-896zM64 704h896v192h-896z"],"attrs":[],"isMulticolor":false,"isMulticolor2":false,"tags":["menu","list","options","lines","hamburger"],"defaultCode":60525,"grid":16},"attrs":[],"properties":{"order":4,"prevSize":16,"ligatures":"menu3, list4","name":"menu","id":877,"code":60525},"setIdx":0,"setId":0,"iconIdx":877},{"icon":{"paths":["M893.254 221.254l-90.508-90.508-290.746 290.744-290.746-290.744-90.508 90.506 290.746 290.748-290.746 290.746 90.508 90.508 290.746-290.746 290.746 290.746 90.508-90.51-290.744-290.744z"],"attrs":[],"isMulticolor":false,"isMulticolor2":false,"tags":["cross","cancel","close","quit","remove"],"defaultCode":60781,"grid":16},"attrs":[],"properties":{"order":2,"prevSize":16,"ligatures":"cross2, cancel3","name":"cross","id":1133,"code":60781},"setIdx":0,"setId":0,"iconIdx":1133},{"icon":{"paths":["M512 1024c282.77 0 512-229.23 512-512s-229.23-512-512-512c-282.77 0-512 229.23-512 512s229.23 512 512 512zM512 96c229.75 0 416 186.25 416 416s-186.25 416-416 416c-229.75 0-416-186.25-416-416s186.25-416 416-416z","M480 256l-256 256 256 256 96-96-96-96h288v-128h-288l96-96z"],"attrs":[],"isMulticolor":false,"isMulticolor2":false,"tags":["circle-left","left","circle-previous","arrow"],"defaultCode":60914,"grid":16},"attrs":[],"properties":{"order":5,"prevSize":16,"ligatures":"circle-left3, left14","name":"circle-left","id":1266,"code":60914},"setIdx":0,"setId":0,"iconIdx":1266},{"icon":{"paths":["M928 0h-832c-52.8 0-96 43.2-96 96v832c0 52.8 43.2 96 96 96h416v-448h-128v-128h128v-64c0-105.8 86.2-192 192-192h128v128h-128c-35.2 0-64 28.8-64 64v64h192l-32 128h-160v448h288c52.8 0 96-43.2 96-96v-832c0-52.8-43.2-96-96-96z"],"attrs":[],"isMulticolor":false,"isMulticolor2":false,"tags":["facebook","brand","social"],"defaultCode":61168,"grid":16},"attrs":[],"properties":{"order":6,"prevSize":16,"ligatures":"facebook2, brand11","name":"facebook","id":1520,"code":61168},"setIdx":0,"setId":0,"iconIdx":1520},{"icon":{"paths":["M928 0h-832c-52.8 0-96 43.2-96 96v832c0 52.8 43.2 96 96 96h832c52.8 0 96-43.2 96-96v-832c0-52.8-43.2-96-96-96zM704 160c0-17.6 14.4-32 32-32h128c17.6 0 32 14.4 32 32v128c0 17.6-14.4 32-32 32h-128c-17.6 0-32-14.4-32-32v-128zM512 320c106 0 192 86 192 192s-86 192-192 192c-106 0-192-86-192-192s86-192 192-192zM896 864v0c0 17.6-14.4 32-32 32h-704c-17.6 0-32-14.4-32-32v0-416h70.4c-4.2 20.6-6.4 42-6.4 64 0 176.8 143.2 320 320 320s320-143.2 320-320c0-22-2.2-43.4-6.4-64h70.4v416z"],"attrs":[],"isMulticolor":false,"isMulticolor2":false,"tags":["instagram","brand","social"],"defaultCode":61169,"grid":16},"attrs":[],"properties":{"order":9,"prevSize":16,"ligatures":"instagram, brand12","name":"instagram","id":1521,"code":61169},"setIdx":0,"setId":0,"iconIdx":1521},{"icon":{"paths":["M1024 226.4c-37.6 16.8-78.2 28-120.6 33 43.4-26 76.6-67.2 92.4-116.2-40.6 24-85.6 41.6-133.4 51-38.4-40.8-93-66.2-153.4-66.2-116 0-210 94-210 210 0 16.4 1.8 32.4 5.4 47.8-174.6-8.8-329.4-92.4-433-219.6-18 31-28.4 67.2-28.4 105.6 0 72.8 37 137.2 93.4 174.8-34.4-1-66.8-10.6-95.2-26.2 0 0.8 0 1.8 0 2.6 0 101.8 72.4 186.8 168.6 206-17.6 4.8-36.2 7.4-55.4 7.4-13.6 0-26.6-1.4-39.6-3.8 26.8 83.4 104.4 144.2 196.2 146-72 56.4-162.4 90-261 90-17 0-33.6-1-50.2-3 93.2 59.8 203.6 94.4 322.2 94.4 386.4 0 597.8-320.2 597.8-597.8 0-9.2-0.2-18.2-0.6-27.2 41-29.4 76.6-66.4 104.8-108.6z"],"attrs":[],"isMulticolor":false,"isMulticolor2":false,"tags":["twitter","brand","tweet","social"],"defaultCode":61173,"grid":16},"attrs":[],"properties":{"order":8,"prevSize":16,"ligatures":"twitter, brand16","name":"twitter","id":1525,"code":61173},"setIdx":0,"setId":0,"iconIdx":1525},{"icon":{"paths":["M928 0h-832c-52.8 0-96 43.2-96 96v832c0 52.8 43.2 96 96 96h832c52.8 0 96-43.2 96-96v-832c0-52.8-43.2-96-96-96zM731.8 824.6c-30.2 14.2-57.6 24.2-82 30-24.4 5.6-51 8.6-79.4 8.6-32.4 0-51.4-4-76.2-12.2s-46-19.8-63.6-34.8c-17.6-15.2-29.6-31.2-36.4-48.2s-10.2-41.6-10.2-74v-247.8h-96v-100c27.8-9 60-22 79.6-38.8 19.8-16.8 35.8-37 47.6-60.6 12-23.6 20.2-53.6 24.8-90h100.4v163.2h163.6v126.2h-163.4v181.2c0 41-0.6 64.6 3.8 76.2s15.2 23.6 27 30.4c15.6 9.4 33.6 14 53.6 14 35.8 0 71.4-11.6 106.8-34.8v111.4z"],"attrs":[],"isMulticolor":false,"isMulticolor2":false,"tags":["tumblr","brand","social"],"defaultCode":61209,"grid":16},"attrs":[],"properties":{"order":10,"prevSize":16,"ligatures":"tumblr2, brand50","name":"tumblr","id":1561,"code":61209},"setIdx":0,"setId":0,"iconIdx":1561},{"icon":{"paths":["M928 0h-832c-52.8 0-96 43.2-96 96v832c0 52.8 43.2 96 96 96h832c52.8 0 96-43.2 96-96v-832c0-52.8-43.2-96-96-96zM384 832h-128v-448h128v448zM320 320c-35.4 0-64-28.6-64-64s28.6-64 64-64c35.4 0 64 28.6 64 64s-28.6 64-64 64zM832 832h-128v-256c0-35.4-28.6-64-64-64s-64 28.6-64 64v256h-128v-448h128v79.4c26.4-36.2 66.8-79.4 112-79.4 79.6 0 144 71.6 144 160v288z"],"attrs":[],"isMulticolor":false,"isMulticolor2":false,"tags":["linkedin","brand","social"],"defaultCode":61224,"grid":16},"attrs":[],"properties":{"order":7,"prevSize":16,"ligatures":"linkedin, brand64","name":"linkedin","id":1576,"code":61224},"setIdx":0,"setId":0,"iconIdx":1576}],"height":1024,"metadata":{"name":"robert"},"preferences":{"showGlyphs":true,"showCodes":true,"showQuickUse":true,"showQuickUse2":true,"showSVGs":true,"fontPref":{"prefix":"icon__","metadata":{"fontFamily":"robert","majorVersion":1,"minorVersion":0},"metrics":{"emSize":1024,"baseline":6.25,"whitespace":50},"embed":false,"noie8":true,"ie7":false,"cssVars":true,"cssVarsFormat":"scss"},"imagePref":{"prefix":"icon-","png":true,"useClassSelector":true,"color":0,"bgColor":16777215},"historySize":50}}